LA,Shinko,Solange,Mosocco Ronald A,426 Wolf St,Jefferson,Metairie,70002
MI,Whobrey,Yuki,Farmers Insurance Group,1 State Route 27,Wayne,Taylor,48180
NJ,Lipke,Elza,Museum Of Science & Industry,6794 Lake Dr E,Essex,Newark,7104
AK,Giguere,Wilda,Mclaughlin Luther W Cpa,1747 Calle Amanecer #2,Anchorage,Anchorage,99501
OH,Emigh,Stephen,Sharp J Daniel Esq,3777 E Richmond St #900,Summit,Akron,44302
IL,Fligg,Lai Gato,Kenneth I Jr,37 Alabama Ave,Crook,Evanston,60201
CA,Vanheusen,Carma,Springfield Div Oh Edison Co,68556 Central Hwy,Alameda,San Leandro,94577
SD,Wieser,Sage,Truhlar And Truhlar Attys,5 Boston Ave #88,Minnehaha,Sioux Falls,57105
MD,Reitler,Laurel,Q A Service,6 Kains Ave,Baltimore City,Baltimore,21215
PA,Shields,Tyra,Assink Anne H Esq,3 Fort Worth Ave,Philadelphia,Philadelphia,19106
NY,Mulqueen,Timothy,Saronix Nymph Products,44 W 4th St Staten,Richmond,Island,10309
TX,Bruschke,Danica,Stevens Charles T,840 15th Ave,McLennan,Waco,76708
AZ,Poquette,Mattie,Century Communications,73 State Road 434 E,Maricopa,Phoenix,85013
TN,Nestle,Lorrie,Ballard Spahr Andrews,39 S 7th St,Coffee,Tullahoma,37388
WI,Yglesias,Maurine,Schultz Thomas C Md,59 Shady Ln #53,Milwaukee,Milwaukee,53214
KS,Oldroyd,Dyan,International Eyelets Inc,7219 Woodfield Rd,Johnson,Overland Park,66204
NM,Chickering,Devorah,Garrison Ind,31 Douglas Blvd #950,Curry,Clovis,88101
OR,Schemmer,Youlanda,Tri M Tool Inc,2881 Lewis Rd,Crook,Prineville,97754
FL,Honeywell,Arlette,Smc Inc,11279 Loytan St,Duval,Jacksonville,32254
MN,Saylors,Fatima,Stanton James D Esq,2 Lighthouse Ave,Hennepin,Hopkins,55343
MA,Briddick,Jina,Grace Pastries Inc,38938 Park Blvd,Suffolk,Boston,2128
SC,Uyetake,Sabra,Lowy Limousine Service,98839 Hawthorne Blvd #6101,Richland,Columbia,29201
RI,Pugh,Blondell,Alpenlite Inc,201 Hawk Ct,Providence,Providence,2904
CO,Lindall,Carmelina,George Jessop Carter Jewelers,2664 Lewis Rd,Douglas,Littleton,80126
ID,Mondella,Vallie,Private Properties,74 W College St,Ada,Boise,83707
NC,Abdallah,Johnetta,Forging Specialties,1088 Pinehurst St,Orange,Chapel Hill,27514
IN,Hochard,Malinda,Logan Memorial Hospital,55 Riverside Ave,Marion,Indianapolis,46202
WY,Fern,Natalie,Kelly Charles G Esq,7140 University Ave,Sweetwater,Rock Springs,82901
VA,Centini,Lisha,Industrial Paper Shredders Inc,64 5th Ave #1153,Fairfax,Mc Lean,22102
VC,Centini,David,Industrial Inc,64 56th Ave #1153,airfax,Mac Lean,2202
CC,Wrdrip,Tammsara,ewel My Shop Inc,4800 Black Horse Pike,anateo,Burliname          S,9401
